timestamp,series_id,signal,temperature,target_value,target_class
2026-01-01T00:00:00,设备甲,0.000000,25.909570,2.140963,上升
2026-01-01T01:00:00,设备甲,0.167790,25.875336,2.382804,上升
2026-01-01T02:00:00,设备甲,0.328146,25.966973,2.775370,上升
2026-01-01T03:00:00,设备甲,0.474197,26.343150,3.068796,上升
2026-01-01T04:00:00,设备甲,0.600142,26.046825,3.379637,上升
2026-01-01T05:00:00,设备甲,0.701685,25.840587,3.597723,上升
2026-01-01T06:00:00,设备甲,0.776342,25.796990,3.849266,上升
2026-01-01T07:00:00,设备甲,0.823598,25.582496,3.872959,上升
2026-01-01T08:00:00,设备甲,0.844914,25.682193,3.928729,上升
2026-01-01T09:00:00,设备甲,0.843570,25.622015,3.926590,下降
2026-01-01T10:00:00,设备甲,0.824366,25.804726,3.877853,下降
2026-01-01T11:00:00,设备甲,0.793198,25.569492,3.826758,下降
2026-01-01T12:00:00,设备甲,0.756554,25.201292,3.789704,下降
2026-01-01T13:00:00,设备甲,0.720955,25.486791,3.661748,下降
2026-01-01T14:00:00,设备甲,0.692404,25.159711,3.546059,下降
2026-01-01T15:00:00,设备甲,0.675881,25.245876,3.538459,下降
2026-01-01T16:00:00,设备甲,0.674913,25.071276,3.520107,下降
2026-01-01T17:00:00,设备甲,0.691283,25.031735,3.535060,上升
2026-01-01T18:00:00,设备甲,0.724864,24.858795,3.629375,上升
2026-01-01T19:00:00,设备甲,0.773626,24.799742,3.629462,上升
2026-01-01T20:00:00,设备甲,0.833796,24.669868,3.828795,上升
2026-01-01T21:00:00,设备甲,0.900161,24.584891,3.996553,上升
2026-01-01T22:00:00,设备甲,0.966493,24.379236,4.060135,上升
2026-01-01T23:00:00,设备甲,1.026061,24.009840,4.122931,上升
2026-01-02T00:00:00,设备甲,1.072185,23.995314,4.357786,上升
2026-01-02T01:00:00,设备甲,1.098792,24.059484,4.264228,下降
2026-01-02T02:00:00,设备甲,1.100921,23.840182,4.413237,上升
2026-01-02T03:00:00,设备甲,1.075151,23.629906,4.218461,下降
2026-01-02T04:00:00,设备甲,1.019893,23.555849,4.236208,上升
2026-01-02T05:00:00,设备甲,0.935553,23.305070,3.879873,下降
2026-01-02T06:00:00,设备甲,0.824518,23.360053,3.782742,下降
2026-01-02T07:00:00,设备甲,0.691002,23.170111,3.344070,下降
2026-01-02T08:00:00,设备甲,0.540733,22.837948,3.121563,下降
2026-01-02T09:00:00,设备甲,0.380523,22.807718,2.707410,下降
2026-01-02T10:00:00,设备甲,0.217756,22.578546,2.263604,下降
2026-01-02T11:00:00,设备甲,0.059828,22.696588,1.945613,下降
2026-01-02T12:00:00,设备甲,-0.086416,22.318494,1.554140,下降
2026-01-02T13:00:00,设备甲,-0.215191,22.242554,1.258972,下降
2026-01-02T14:00:00,设备甲,-0.322201,21.838535,1.004043,下降
2026-01-02T15:00:00,设备甲,-0.404947,21.677886,0.837153,下降
2026-01-02T16:00:00,设备甲,-0.462882,21.448782,0.614253,下降
2026-01-02T17:00:00,设备甲,-0.497415,21.600520,0.660639,上升
2026-01-02T18:00:00,设备甲,-0.511755,21.386246,0.611896,下降
2026-01-02T19:00:00,设备甲,-0.510610,21.203160,0.595892,下降
2026-01-02T20:00:00,设备甲,-0.499760,21.111878,0.554292,下降
2026-01-02T21:00:00,设备甲,-0.485554,20.830761,0.649127,上升
2026-01-02T22:00:00,设备甲,-0.474354,20.855785,0.592487,下降
2026-01-02T23:00:00,设备甲,-0.471986,20.412969,0.691359,上升
2026-01-03T00:00:00,设备甲,-0.483229,20.358925,0.605979,下降
2026-01-03T01:00:00,设备甲,-0.511401,20.076166,0.453148,下降
2026-01-03T02:00:00,设备甲,-0.558056,19.899325,0.521384,上升
2026-01-03T03:00:00,设备甲,-0.622835,19.978901,0.153637,下降
2026-01-03T04:00:00,设备甲,-0.703468,19.711396,0.117988,下降
2026-01-03T05:00:00,设备甲,-0.795940,19.334055,-0.308017,下降
2026-01-03T06:00:00,设备甲,-0.894799,19.678319,-0.311608,下降
2026-01-03T07:00:00,设备甲,-0.993581,19.099259,-0.708415,下降
2026-01-03T08:00:00,设备甲,-1.085326,19.009566,-0.764432,下降
2026-01-03T09:00:00,设备甲,-1.163135,19.181249,-1.042463,下降
2026-01-03T10:00:00,设备甲,-1.220725,18.828427,-1.169736,下降
2026-01-03T11:00:00,设备甲,-1.252936,18.766913,-1.232318,下降
2026-01-03T12:00:00,设备甲,-1.256158,19.020872,-1.226610,上升
2026-01-03T13:00:00,设备甲,-1.228625,18.533694,-1.224204,上升
2026-01-03T14:00:00,设备甲,-1.170573,18.272617,-1.123415,上升
2026-01-03T15:00:00,设备甲,-1.084231,18.561153,-0.884374,上升
2026-01-03T16:00:00,设备甲,-0.973661,18.497282,-0.599765,上升
2026-01-03T17:00:00,设备甲,-0.844446,18.452669,-0.346693,上升
2026-01-03T18:00:00,设备甲,-0.703264,18.158779,-0.120009,上升
2026-01-03T19:00:00,设备甲,-0.557370,18.183960,0.150307,上升
2026-01-03T20:00:00,设备甲,-0.414038,18.321180,0.571561,上升
2026-01-03T21:00:00,设备甲,-0.280003,18.163799,0.805606,上升
2026-01-03T22:00:00,设备甲,-0.160949,18.047964,1.093457,上升
2026-01-03T23:00:00,设备甲,-0.061082,17.816609,1.290816,上升
2026-01-04T00:00:00,设备甲,0.017167,17.956002,1.579765,上升
2026-01-04T01:00:00,设备甲,0.073310,18.098070,1.587295,上升
2026-01-04T02:00:00,设备甲,0.108790,18.134046,1.734416,上升
2026-01-04T03:00:00,设备甲,0.126831,18.082394,1.727735,下降
2026-01-04T04:00:00,设备甲,0.132129,18.094379,1.804560,上升
2026-01-04T05:00:00,设备甲,0.130430,18.056917,1.732970,下降
2026-01-04T06:00:00,设备甲,0.128023,17.898525,1.698107,下降
2026-01-04T07:00:00,设备甲,0.131184,17.780239,1.757828,上升
2026-01-04T08:00:00,设备甲,0.145629,18.238909,1.780184,上升
2026-01-04T09:00:00,设备甲,0.176006,18.259007,1.805569,上升
2026-01-04T10:00:00,设备甲,0.225478,18.354847,1.959884,上升
2026-01-04T11:00:00,设备甲,0.295429,18.097234,2.131211,上升
2026-01-04T12:00:00,设备甲,0.385313,18.126424,2.270443,上升
2026-01-04T13:00:00,设备甲,0.492665,18.418402,2.597083,上升
2026-01-04T14:00:00,设备甲,0.613263,18.386464,2.869280,上升
2026-01-04T15:00:00,设备甲,0.741444,18.561897,3.026291,上升
2026-01-04T16:00:00,设备甲,0.870532,18.743775,3.460913,上升
2026-01-04T17:00:00,设备甲,0.993352,18.809180,3.730963,上升
2026-01-04T18:00:00,设备甲,1.102795,18.693479,3.880651,上升
2026-01-04T19:00:00,设备甲,1.192365,18.771399,4.142622,上升
2026-01-04T20:00:00,设备甲,1.256700,18.762080,4.303524,上升
2026-01-04T21:00:00,设备甲,1.291985,19.184801,4.379299,上升
2026-01-04T22:00:00,设备甲,1.296255,19.288973,4.378949,下降
2026-01-04T23:00:00,设备甲,1.269548,19.219608,4.375650,下降
2026-01-05T00:00:00,设备甲,1.213901,19.547598,4.198567,下降
2026-01-05T01:00:00,设备甲,1.133182,19.456650,4.093077,下降
2026-01-05T02:00:00,设备甲,1.032783,19.731633,3.779373,下降
2026-01-05T03:00:00,设备甲,0.919190,19.911209,3.598656,下降
2026-01-05T04:00:00,设备甲,0.799471,20.033920,3.389903,下降
2026-01-05T05:00:00,设备甲,0.680714,20.040395,3.141540,下降
2026-01-05T06:00:00,设备甲,0.569474,20.138912,2.872764,下降
2026-01-05T07:00:00,设备甲,0.471261,20.504596,2.697616,下降
2026-01-05T08:00:00,设备甲,0.390116,20.418843,2.561236,下降
2026-01-05T09:00:00,设备甲,0.328314,20.904077,2.417209,下降
2026-01-05T10:00:00,设备甲,0.286210,20.589599,2.356598,下降
2026-01-05T11:00:00,设备甲,0.262237,21.210488,2.240664,下降
2026-01-05T12:00:00,设备甲,0.253072,21.083937,2.224052,下降
2026-01-05T13:00:00,设备甲,0.253942,21.464787,2.232176,上升
2026-01-05T14:00:00,设备甲,0.259048,21.673417,2.386206,上升
2026-01-05T15:00:00,设备甲,0.262075,21.462692,2.301092,下降
2026-01-05T16:00:00,设备甲,0.256745,21.850789,2.337107,上升
2026-01-05T17:00:00,设备甲,0.237369,21.810691,2.239727,下降
2026-01-05T18:00:00,设备甲,0.199348,22.235497,2.262801,上升
2026-01-05T19:00:00,设备甲,0.139593,22.095401,2.081923,下降
2026-01-05T20:00:00,设备甲,0.056814,22.525194,1.876530,下降
2026-01-05T21:00:00,设备甲,-0.048330,22.845628,1.665752,下降
2026-01-05T22:00:00,设备甲,-0.173245,22.874894,1.432716,下降
2026-01-05T23:00:00,设备甲,-0.313567,22.897942,1.098001,下降
2026-01-06T00:00:00,设备甲,-0.463480,23.019112,0.864485,下降
2026-01-06T01:00:00,设备甲,-0.616148,23.110368,0.502577,下降
2026-01-06T02:00:00,设备甲,-0.764230,23.413244,0.169226,下降
2026-01-06T03:00:00,设备甲,-0.900443,23.594135,-0.092405,下降
2026-01-06T04:00:00,设备甲,-1.018118,23.858763,-0.296934,下降
2026-01-06T05:00:00,设备甲,-1.111713,24.013003,-0.601512,下降
2026-01-06T06:00:00,设备甲,-1.177229,24.084875,-0.723858,下降
2026-01-06T07:00:00,设备甲,-1.212517,24.045661,-0.849609,下降
2026-01-06T08:00:00,设备甲,-1.217422,24.016391,-0.834478,上升
2026-01-06T09:00:00,设备甲,-1.193785,24.592496,-0.675227,上升
2026-01-06T10:00:00,设备甲,-1.145271,24.592982,-0.544781,上升
2026-01-06T11:00:00,设备甲,-1.077064,24.819166,-0.407870,上升
2026-01-06T12:00:00,设备甲,-0.995438,24.823740,-0.216126,上升
2026-01-06T13:00:00,设备甲,-0.907241,24.898743,0.032890,上升
2026-01-06T14:00:00,设备甲,-0.819339,24.956273,0.252822,上升
2026-01-06T15:00:00,设备甲,-0.738062,25.112540,0.400035,上升
2026-01-06T16:00:00,设备甲,-0.668695,25.153036,0.541004,上升
2026-01-06T17:00:00,设备甲,-0.615061,25.482052,0.640746,上升
2026-01-06T18:00:00,设备甲,-0.579220,25.440899,0.781743,上升
2026-01-06T19:00:00,设备甲,-0.561322,25.650924,0.890062,上升
2026-01-06T20:00:00,设备甲,-0.559609,25.589779,0.751134,下降
2026-01-06T21:00:00,设备甲,-0.570584,25.585726,0.814822,上升
2026-01-06T22:00:00,设备甲,-0.589320,25.423595,0.689888,下降
2026-01-06T23:00:00,设备甲,-0.609882,25.744752,0.656953,下降
2026-01-07T00:00:00,设备甲,-0.625846,25.846923,0.671347,上升
2026-01-07T01:00:00,设备甲,-0.630847,25.730120,0.715561,上升
2026-01-07T02:00:00,设备甲,-0.619136,25.852299,0.740182,上升
2026-01-07T03:00:00,设备甲,-0.586076,25.907682,0.809470,上升
2026-01-07T04:00:00,设备甲,-0.528564,25.945037,0.988443,上升
2026-01-07T05:00:00,设备甲,-0.445317,25.926088,1.063947,上升
2026-01-07T06:00:00,设备甲,-0.337022,26.190394,1.392042,上升
2026-01-07T07:00:00,设备甲,-0.206319,25.808012,1.591635,上升
2026-01-07T08:00:00,设备甲,-0.057630,25.974943,1.908469,上升
2026-01-07T09:00:00,设备甲,0.103155,25.958867,2.322717,上升
2026-01-07T10:00:00,设备甲,0.269114,25.861188,2.744877,上升
2026-01-07T11:00:00,设备甲,0.432811,25.817481,2.944189,上升
2026-01-07T12:00:00,设备甲,0.586859,26.018366,3.449375,上升
2026-01-07T13:00:00,设备甲,0.724475,26.024816,3.629240,上升
2026-01-07T14:00:00,设备甲,0.839995,25.656553,3.849537,上升
2026-01-07T15:00:00,设备甲,0.929288,25.940525,4.200005,上升
2026-01-07T16:00:00,设备甲,0.990063,25.523671,4.234454,上升
2026-01-07T17:00:00,设备甲,1.022012,25.361724,4.334266,上升
2026-01-07T18:00:00,设备甲,1.026812,25.340866,4.324681,下降
2026-01-07T19:00:00,设备甲,1.007950,25.485363,4.260210,下降
2026-01-07T20:00:00,设备甲,0.970420,25.377372,4.166408,下降
2026-01-07T21:00:00,设备甲,0.920293,25.102630,4.047558,下降
2026-01-07T22:00:00,设备甲,0.864200,25.202062,3.856932,下降
2026-01-07T23:00:00,设备甲,0.808781,25.111187,3.719262,下降
2026-01-08T00:00:00,设备甲,0.760131,25.091537,3.629819,下降
2026-01-08T01:00:00,设备甲,0.723292,24.586529,3.562830,下降
2026-01-08T02:00:00,设备甲,0.701841,24.908460,3.596393,上升
2026-01-08T03:00:00,设备甲,0.697591,24.820791,3.454845,下降
2026-01-08T04:00:00,设备甲,0.710449,24.402146,3.556668,上升
2026-01-08T05:00:00,设备甲,0.738420,24.253103,3.577840,上升
2026-01-08T06:00:00,设备甲,0.777783,24.246228,3.631117,上升
2026-01-08T07:00:00,设备甲,0.823396,24.119291,3.748309,上升
2026-01-08T08:00:00,设备甲,0.869129,24.014053,3.825591,上升
2026-01-08T09:00:00,设备甲,0.908380,24.004323,3.868903,上升
2026-01-08T10:00:00,设备甲,0.934628,23.842915,3.969328,上升
2026-01-08T11:00:00,设备甲,0.941984,23.489486,4.019382,上升
2026-01-08T12:00:00,设备甲,0.925698,23.520560,3.961421,下降
2026-01-08T13:00:00,设备甲,0.882568,23.599761,3.812994,下降
2026-01-08T14:00:00,设备甲,0.811236,23.155694,3.657089,下降
2026-01-08T15:00:00,设备甲,0.712330,22.944748,3.450546,下降
2026-01-08T16:00:00,设备甲,0.588447,22.736234,3.169274,下降
2026-01-08T17:00:00,设备甲,0.443983,22.867793,2.888461,下降
2026-01-08T18:00:00,设备甲,0.284814,22.361664,2.449663,下降
2026-01-08T19:00:00,设备甲,0.117859,22.470546,2.076146,下降
2026-01-08T20:00:00,设备甲,-0.049435,22.191099,1.595529,下降
2026-01-08T21:00:00,设备甲,-0.209661,21.835860,1.269936,下降
2026-01-08T22:00:00,设备甲,-0.356003,21.622619,0.875615,下降
2026-01-08T23:00:00,设备甲,-0.482751,21.427351,0.599949,下降
2026-01-09T00:00:00,设备甲,-0.585720,21.193531,0.320412,下降
2026-01-09T01:00:00,设备甲,-0.662543,21.199020,0.182490,下降
2026-01-09T02:00:00,设备甲,-0.712829,21.285510,0.174977,下降
2026-01-09T03:00:00,设备甲,-0.738146,21.006950,0.026926,下降
2026-01-09T04:00:00,设备甲,-0.741863,20.463449,-0.047722,下降
2026-01-09T05:00:00,设备甲,-0.728830,20.536381,0.027064,上升
2026-01-09T06:00:00,设备甲,-0.704958,20.200343,0.034124,上升
2026-01-09T07:00:00,设备甲,-0.676699,20.359731,0.125836,上升
2026-01-09T08:00:00,设备甲,-0.650496,20.424293,0.191468,上升
2026-01-09T09:00:00,设备甲,-0.632230,19.911871,0.161796,下降
2026-01-09T10:00:00,设备甲,-0.626717,20.015481,0.215888,上升
2026-01-09T11:00:00,设备甲,-0.637296,19.784195,0.114327,下降
2026-01-09T12:00:00,设备甲,-0.665534,19.512069,0.138420,上升
2026-01-09T13:00:00,设备甲,-0.711088,19.457360,-0.103000,下降
2026-01-09T14:00:00,设备甲,-0.771715,19.595642,-0.207733,下降
2026-01-09T15:00:00,设备甲,-0.843445,19.051826,-0.407124,下降
2026-01-09T16:00:00,设备甲,-0.920898,19.129033,-0.425731,下降
2026-01-09T17:00:00,设备甲,-0.997713,19.174292,-0.619945,下降
2026-01-09T18:00:00,设备甲,-1.067069,18.866253,-0.919588,下降
2026-01-09T19:00:00,设备甲,-1.122240,18.609631,-1.006609,下降
2026-01-09T20:00:00,设备甲,-1.157148,18.619468,-1.098761,下降
2026-01-09T21:00:00,设备甲,-1.166865,18.388633,-1.096882,上升
2026-01-09T22:00:00,设备甲,-1.148032,18.535645,-1.008351,上升
2026-01-09T23:00:00,设备甲,-1.099145,18.479774,-0.875122,上升
2026-01-10T00:00:00,设备甲,-1.020699,18.410483,-0.757077,上升
2026-01-10T01:00:00,设备甲,-0.915173,18.397698,-0.491302,上升
2026-01-10T02:00:00,设备甲,-0.786854,18.238744,-0.284109,上升
2026-01-10T03:00:00,设备甲,-0.641523,18.189583,-0.068613,上升
2026-01-10T04:00:00,设备甲,-0.486012,18.078102,0.352760,上升
2026-01-10T05:00:00,设备甲,-0.327691,18.298096,0.760061,上升
2026-01-10T06:00:00,设备甲,-0.173901,18.083429,1.054289,上升
2026-01-10T07:00:00,设备甲,-0.031403,17.904945,1.408397,上升
2026-01-10T08:00:00,设备甲,0.094136,18.113834,1.683113,上升
2026-01-10T09:00:00,设备甲,0.198560,17.979661,1.833459,上升
2026-01-10T10:00:00,设备甲,0.279515,18.193187,2.130107,上升
2026-01-10T11:00:00,设备甲,0.336605,18.042226,2.132061,上升
2026-01-10T12:00:00,设备甲,0.371376,18.098072,2.222623,上升
2026-01-10T13:00:00,设备甲,0.387147,17.933632,2.223097,上升
2026-01-10T14:00:00,设备甲,0.388703,17.873638,2.289086,上升
2026-01-10T15:00:00,设备甲,0.381862,18.105876,2.333437,上升
2026-01-10T16:00:00,设备甲,0.372961,18.276940,2.278611,下降
2026-01-10T17:00:00,设备甲,0.368304,18.250542,2.267081,下降
2026-01-10T18:00:00,设备甲,0.373613,18.198175,2.324093,上升
2026-01-10T19:00:00,设备甲,0.393523,18.202350,2.305482,下降
2026-01-10T20:00:00,设备甲,0.431176,18.356028,2.399862,上升
2026-01-10T21:00:00,设备甲,0.487930,18.315952,2.516743,上升
2026-01-10T22:00:00,设备甲,0.563217,18.228320,2.663801,上升
2026-01-10T23:00:00,设备甲,0.654567,18.618655,2.901030,上升
2026-01-01T00:00:00,设备乙,0.644218,24.960312,3.387305,上升
2026-01-01T01:00:00,设备乙,0.790198,25.225474,3.776083,上升
2026-01-01T02:00:00,设备乙,0.924426,24.869679,3.975995,上升
2026-01-01T03:00:00,设备乙,1.040208,24.815008,4.303920,上升
2026-01-01T04:00:00,设备乙,1.131957,24.714474,4.450231,上升
2026-01-01T05:00:00,设备乙,1.195614,24.376668,4.597900,上升
2026-01-01T06:00:00,设备乙,1.228956,24.153007,4.676255,上升
2026-01-01T07:00:00,设备乙,1.231755,24.139917,4.661238,下降
2026-01-01T08:00:00,设备乙,1.205782,23.890015,4.569674,下降
2026-01-01T09:00:00,设备乙,1.154644,24.044863,4.394909,下降
2026-01-01T10:00:00,设备乙,1.083487,23.841233,4.241984,下降
2026-01-01T11:00:00,设备乙,0.998569,23.680706,4.037584,下降
2026-01-01T12:00:00,设备乙,0.906748,23.478559,3.821796,下降
2026-01-01T13:00:00,设备乙,0.814930,23.333702,3.638371,下降
2026-01-01T14:00:00,设备乙,0.729508,23.334988,3.563062,下降
2026-01-01T15:00:00,设备乙,0.655856,22.859108,3.304752,下降
2026-01-01T16:00:00,设备乙,0.597899,22.461525,3.064013,下降
2026-01-01T17:00:00,设备乙,0.557813,22.484537,3.069561,上升
2026-01-01T18:00:00,设备乙,0.535865,22.562889,3.000925,下降
2026-01-01T19:00:00,设备乙,0.530410,22.518979,2.935818,下降
2026-01-01T20:00:00,设备乙,0.538052,22.346281,2.972623,上升
2026-01-01T21:00:00,设备乙,0.553940,22.265007,3.012489,上升
2026-01-01T22:00:00,设备乙,0.572199,21.694877,3.047070,上升
2026-01-01T23:00:00,设备乙,0.586429,21.715833,2.991866,下降
2026-01-02T00:00:00,设备乙,0.590268,21.511846,3.025230,上升
2026-01-02T01:00:00,设备乙,0.577933,21.278545,2.950562,下降
2026-01-02T02:00:00,设备乙,0.544737,21.142590,2.830472,下降
2026-01-02T03:00:00,设备乙,0.487500,20.873742,2.760747,下降
2026-01-02T04:00:00,设备乙,0.404855,21.014187,2.497933,下降
2026-01-02T05:00:00,设备乙,0.297396,20.849406,2.317420,下降
2026-01-02T06:00:00,设备乙,0.167672,20.423079,2.028210,下降
2026-01-02T07:00:00,设备乙,0.020025,20.316804,1.633491,下降
2026-01-02T08:00:00,设备乙,-0.139718,19.980423,1.252790,下降
2026-01-02T09:00:00,设备乙,-0.304680,19.758960,1.018562,下降
2026-01-02T10:00:00,设备乙,-0.467442,19.745549,0.554290,下降
2026-01-02T11:00:00,设备乙,-0.620611,19.461403,0.161482,下降
2026-01-02T12:00:00,设备乙,-0.757372,19.407041,-0.171040,下降
2026-01-02T13:00:00,设备乙,-0.872008,19.488371,-0.392879,下降
2026-01-02T14:00:00,设备乙,-0.960321,19.534601,-0.528540,下降
2026-01-02T15:00:00,设备乙,-1.019940,19.317628,-0.707964,下降
2026-01-02T16:00:00,设备乙,-1.050480,19.266964,-0.756765,下降
2026-01-02T17:00:00,设备乙,-1.053540,18.919535,-0.794223,下降
2026-01-02T18:00:00,设备乙,-1.032548,18.728155,-0.680204,上升
2026-01-02T19:00:00,设备乙,-0.992455,19.040476,-0.650915,上升
2026-01-02T20:00:00,设备乙,-0.939314,18.614672,-0.568540,上升
2026-01-02T21:00:00,设备乙,-0.879765,18.719355,-0.478215,上升
2026-01-02T22:00:00,设备乙,-0.820488,18.700851,-0.306742,上升
2026-01-02T23:00:00,设备乙,-0.767639,18.380785,-0.132067,上升
2026-01-03T00:00:00,设备乙,-0.726350,18.380735,-0.114137,上升
2026-01-03T01:00:00,设备乙,-0.700302,18.140754,-0.028037,上升
2026-01-03T02:00:00,设备乙,-0.691427,18.222778,-0.131823,下降
2026-01-03T03:00:00,设备乙,-0.699749,18.143473,-0.161842,下降
2026-01-03T04:00:00,设备乙,-0.723391,18.150524,-0.217693,下降
2026-01-03T05:00:00,设备乙,-0.758735,18.149883,-0.268815,下降
2026-01-03T06:00:00,设备乙,-0.800723,18.032718,-0.317072,下降
2026-01-03T07:00:00,设备乙,-0.843288,18.357375,-0.362527,下降
2026-01-03T08:00:00,设备乙,-0.879859,18.118103,-0.518764,下降
2026-01-03T09:00:00,设备乙,-0.903920,18.221270,-0.395587,上升
2026-01-03T10:00:00,设备乙,-0.909560,18.016715,-0.603313,下降
2026-01-03T11:00:00,设备乙,-0.891982,17.934390,-0.489973,上升
2026-01-03T12:00:00,设备乙,-0.847919,18.093387,-0.430311,上升
2026-01-03T13:00:00,设备乙,-0.775935,18.096892,-0.235623,上升
2026-01-03T14:00:00,设备乙,-0.676574,18.083097,0.023426,上升
2026-01-03T15:00:00,设备乙,-0.552351,18.143307,0.208710,上升
2026-01-03T16:00:00,设备乙,-0.407592,18.127081,0.506155,上升
2026-01-03T17:00:00,设备乙,-0.248117,18.336153,0.930100,上升
2026-01-03T18:00:00,设备乙,-0.080813,17.982311,1.359119,上升
2026-01-03T19:00:00,设备乙,0.086882,18.132112,1.652124,上升
2026-01-03T20:00:00,设备乙,0.247544,18.280044,1.975138,上升
2026-01-03T21:00:00,设备乙,0.394318,18.405880,2.277957,上升
2026-01-03T22:00:00,设备乙,0.521431,18.309701,2.577492,上升
2026-01-03T23:00:00,设备乙,0.624620,18.533050,2.948286,上升
2026-01-04T00:00:00,设备乙,0.701433,18.655415,2.990472,上升
2026-01-04T01:00:00,设备乙,0.751390,18.810940,3.128922,上升
2026-01-04T02:00:00,设备乙,0.775978,18.830107,3.178854,上升
2026-01-04T03:00:00,设备乙,0.778497,18.709542,3.163005,下降
2026-01-04T04:00:00,设备乙,0.763749,19.132650,3.222165,上升
2026-01-04T05:00:00,设备乙,0.737621,19.212128,3.131764,下降
2026-01-04T06:00:00,设备乙,0.706571,19.509123,3.107235,下降
2026-01-04T07:00:00,设备乙,0.677074,19.353674,3.060266,下降
2026-01-04T08:00:00,设备乙,0.655071,19.553697,3.041256,下降
2026-01-04T09:00:00,设备乙,0.645465,19.682307,2.989244,下降
2026-01-04T10:00:00,设备乙,0.651696,19.469115,3.002475,上升
2026-01-04T11:00:00,设备乙,0.675447,19.845138,3.062550,上升
2026-01-04T12:00:00,设备乙,0.716495,20.162069,3.253782,上升
2026-01-04T13:00:00,设备乙,0.772711,20.443631,3.307656,上升
2026-01-04T14:00:00,设备乙,0.840230,20.204709,3.538860,上升
2026-01-04T15:00:00,设备乙,0.913757,20.445092,3.628623,上升
2026-01-04T16:00:00,设备乙,0.986994,20.534467,3.787520,上升
2026-01-04T17:00:00,设备乙,1.053156,20.840705,3.917338,上升
2026-01-04T18:00:00,设备乙,1.105525,21.092849,4.175391,上升
2026-01-04T19:00:00,设备乙,1.138003,21.293086,4.136579,下降
2026-01-04T20:00:00,设备乙,1.145623,21.064187,4.165383,上升
2026-01-04T21:00:00,设备乙,1.124963,21.519372,4.140963,下降
2026-01-04T22:00:00,设备乙,1.074448,21.477713,4.111726,下降
2026-01-04T23:00:00,设备乙,0.994496,21.591924,3.979500,下降
2026-01-05T00:00:00,设备乙,0.887512,22.026069,3.678327,下降
2026-01-05T01:00:00,设备乙,0.757722,22.391453,3.433294,下降
2026-01-05T02:00:00,设备乙,0.610857,22.624981,3.112583,下降
2026-01-05T03:00:00,设备乙,0.453727,22.533180,2.744726,下降
2026-01-05T04:00:00,设备乙,0.293701,22.570648,2.474381,下降
2026-01-05T05:00:00,设备乙,0.138148,23.015752,2.174498,下降
2026-01-05T06:00:00,设备乙,-0.006123,22.832242,1.904889,下降
2026-01-05T07:00:00,设备乙,-0.133373,23.095929,1.536050,下降
2026-01-05T08:00:00,设备乙,-0.239357,23.253442,1.305455,下降
2026-01-05T09:00:00,设备乙,-0.321629,23.362436,1.135835,下降
2026-01-05T10:00:00,设备乙,-0.379693,23.720815,1.020605,下降
2026-01-05T11:00:00,设备乙,-0.415005,23.868394,0.953256,下降
2026-01-05T12:00:00,设备乙,-0.430807,24.102349,1.004229,上升
2026-01-05T13:00:00,设备乙,-0.431828,24.120950,0.877199,下降
2026-01-05T14:00:00,设备乙,-0.423854,23.994428,0.882498,上升
2026-01-05T15:00:00,设备乙,-0.413219,24.340510,1.012352,上升
2026-01-05T16:00:00,设备乙,-0.406255,24.399523,1.086850,上升
2026-01-05T17:00:00,设备乙,-0.408735,24.432557,1.095083,上升
2026-01-05T18:00:00,设备乙,-0.425375,24.725547,1.023200,下降
2026-01-05T19:00:00,设备乙,-0.459414,24.572847,0.959169,下降
2026-01-05T20:00:00,设备乙,-0.512320,24.871500,0.832382,下降
2026-01-05T21:00:00,设备乙,-0.583641,24.873063,0.742071,下降
2026-01-05T22:00:00,设备乙,-0.671016,25.106556,0.502728,下降
2026-01-05T23:00:00,设备乙,-0.770344,25.535605,0.372567,下降
2026-01-06T00:00:00,设备乙,-0.876094,25.195460,0.107498,下降
2026-01-06T01:00:00,设备乙,-0.981734,25.539138,-0.140902,下降
2026-01-06T02:00:00,设备乙,-1.080251,25.350179,-0.347711,下降
2026-01-06T03:00:00,设备乙,-1.164706,25.747571,-0.521325,下降
2026-01-06T04:00:00,设备乙,-1.228789,25.309101,-0.653373,下降
2026-01-06T05:00:00,设备乙,-1.267329,25.384580,-0.815511,下降
2026-01-06T06:00:00,设备乙,-1.276711,25.626016,-0.755290,上升
2026-01-06T07:00:00,设备乙,-1.255174,25.622869,-0.698549,上升
2026-01-06T08:00:00,设备乙,-1.202958,26.162168,-0.574390,上升
2026-01-06T09:00:00,设备乙,-1.122300,25.798381,-0.405597,上升
2026-01-06T10:00:00,设备乙,-1.017261,25.803761,-0.198898,上升
2026-01-06T11:00:00,设备乙,-0.893419,25.924517,0.100753,上升
2026-01-06T12:00:00,设备乙,-0.757432,25.952055,0.447489,上升
2026-01-06T13:00:00,设备乙,-0.616525,26.230829,0.741347,上升
2026-01-06T14:00:00,设备乙,-0.477931,25.898175,0.973133,上升
2026-01-06T15:00:00,设备乙,-0.348331,25.882469,1.293302,上升
2026-01-06T16:00:00,设备乙,-0.233347,25.958876,1.595809,上升
2026-01-06T17:00:00,设备乙,-0.137117,25.961822,1.782077,上升
2026-01-06T18:00:00,设备乙,-0.061997,26.107840,1.976330,上升
2026-01-06T19:00:00,设备乙,-0.008410,25.661214,2.073263,上升
2026-01-06T20:00:00,设备乙,0.025155,25.920041,2.139899,上升
2026-01-06T21:00:00,设备乙,0.041972,25.714477,2.171452,上升
2026-01-06T22:00:00,设备乙,0.046779,25.635285,2.117778,下降
2026-01-06T23:00:00,设备乙,0.045344,25.768982,2.178078,上升
2026-01-07T00:00:00,设备乙,0.043959,25.406549,2.205137,上升
2026-01-07T01:00:00,设备乙,0.048888,25.859857,2.188736,下降
2026-01-07T02:00:00,设备乙,0.065813,25.409467,2.221791,上升
2026-01-07T03:00:00,设备乙,0.099332,25.465868,2.206513,下降
2026-01-07T04:00:00,设备乙,0.152546,25.511482,2.459521,上升
2026-01-07T05:00:00,设备乙,0.226768,24.890409,2.440402,下降
2026-01-07T06:00:00,设备乙,0.321373,25.108189,2.725984,上升
2026-01-07T07:00:00,设备乙,0.433817,25.201094,2.971957,上升
2026-01-07T08:00:00,设备乙,0.559804,24.972619,3.218897,上升
2026-01-07T09:00:00,设备乙,0.693602,24.738618,3.509086,上升
2026-01-07T10:00:00,设备乙,0.828476,24.592899,3.865581,上升
2026-01-07T11:00:00,设备乙,0.957205,24.600799,4.045362,上升
2026-01-07T12:00:00,设备乙,1.072646,24.480290,4.310230,上升
2026-01-07T13:00:00,设备乙,1.168285,24.491520,4.486471,上升
2026-01-07T14:00:00,设备乙,1.238745,24.098966,4.692765,上升
2026-01-07T15:00:00,设备乙,1.280212,24.026304,4.749698,上升
2026-01-07T16:00:00,设备乙,1.290725,24.062712,4.792023,上升
2026-01-07T17:00:00,设备乙,1.270326,23.635018,4.686907,下降
2026-01-07T18:00:00,设备乙,1.221054,23.738735,4.560224,下降
2026-01-07T19:00:00,设备乙,1.146772,23.381489,4.321368,下降
2026-01-07T20:00:00,设备乙,1.052859,23.296895,4.214719,下降
2026-01-07T21:00:00,设备乙,0.945776,23.075529,3.820755,下降
2026-01-07T22:00:00,设备乙,0.832550,23.201240,3.600515,下降
2026-01-07T23:00:00,设备乙,0.720219,23.002274,3.459899,下降
2026-01-08T00:00:00,设备乙,0.615270,22.831950,3.273013,下降
2026-01-08T01:00:00,设备乙,0.523139,22.736100,2.910456,下降
2026-01-08T02:00:00,设备乙,0.447784,22.464984,2.661619,下降
2026-01-08T03:00:00,设备乙,0.391394,22.227657,2.646886,下降
2026-01-08T04:00:00,设备乙,0.354236,21.873481,2.558392,下降
2026-01-08T05:00:00,设备乙,0.334665,21.784930,2.538257,下降
2026-01-08T06:00:00,设备乙,0.329287,21.688188,2.489417,下降
2026-01-08T07:00:00,设备乙,0.333271,21.611530,2.567359,上升
2026-01-08T08:00:00,设备乙,0.340778,21.178442,2.411836,下降
2026-01-08T09:00:00,设备乙,0.345470,21.006272,2.460936,上升
2026-01-08T10:00:00,设备乙,0.341066,21.033433,2.464140,上升
2026-01-08T11:00:00,设备乙,0.321889,20.757797,2.351045,下降
2026-01-08T12:00:00,设备乙,0.283373,20.613823,2.137544,下降
2026-01-08T13:00:00,设备乙,0.222472,20.644461,2.148579,上升
2026-01-08T14:00:00,设备乙,0.137950,20.495003,2.005503,下降
2026-01-08T15:00:00,设备乙,0.030527,20.339408,1.703762,下降
2026-01-08T16:00:00,设备乙,-0.097140,20.269833,1.427802,下降
2026-01-08T17:00:00,设备乙,-0.240631,19.643775,1.031307,下降
2026-01-08T18:00:00,设备乙,-0.394076,20.010466,0.739671,下降
2026-01-08T19:00:00,设备乙,-0.550594,19.532852,0.271199,下降
2026-01-08T20:00:00,设备乙,-0.702812,19.654861,0.053772,下降
2026-01-08T21:00:00,设备乙,-0.843427,19.362833,-0.255777,下降
2026-01-08T22:00:00,设备乙,-0.965760,19.361563,-0.505733,下降
2026-01-08T23:00:00,设备乙,-1.064267,19.250210,-0.815942,下降
2026-01-09T00:00:00,设备乙,-1.134958,18.776729,-0.989267,下降
2026-01-09T01:00:00,设备乙,-1.175692,18.967464,-1.042586,下降
2026-01-09T02:00:00,设备乙,-1.186327,18.689240,-1.091746,下降
2026-01-09T03:00:00,设备乙,-1.168708,18.685865,-1.108679,下降
2026-01-09T04:00:00,设备乙,-1.126499,19.081422,-0.999174,上升
2026-01-09T05:00:00,设备乙,-1.064872,18.141616,-0.834799,上升
2026-01-09T06:00:00,设备乙,-0.990072,18.330932,-0.762890,上升
2026-01-09T07:00:00,设备乙,-0.908908,18.446209,-0.594964,上升
2026-01-09T08:00:00,设备乙,-0.828187,18.308585,-0.323097,上升
2026-01-09T09:00:00,设备乙,-0.754171,18.170362,-0.220315,上升
2026-01-09T10:00:00,设备乙,-0.692061,18.193953,-0.077462,上升
2026-01-09T11:00:00,设备乙,-0.645589,18.306346,0.076719,上升
2026-01-09T12:00:00,设备乙,-0.616719,18.249449,0.042309,下降
2026-01-09T13:00:00,设备乙,-0.605503,18.113799,0.093090,上升
2026-01-09T14:00:00,设备乙,-0.610094,18.297023,0.072268,下降
2026-01-09T15:00:00,设备乙,-0.626909,18.057102,0.031441,下降
2026-01-09T16:00:00,设备乙,-0.650950,17.902298,-0.031038,下降
2026-01-09T17:00:00,设备乙,-0.676227,18.168637,0.018378,上升
2026-01-09T18:00:00,设备乙,-0.696276,17.943670,-0.131326,下降
2026-01-09T19:00:00,设备乙,-0.704713,18.152465,-0.131035,上升
2026-01-09T20:00:00,设备乙,-0.695785,18.041703,0.036491,上升
2026-01-09T21:00:00,设备乙,-0.664868,17.848002,-0.018597,下降
2026-01-09T22:00:00,设备乙,-0.608885,18.033135,0.166579,上升
2026-01-09T23:00:00,设备乙,-0.526590,18.119578,0.339485,上升
2026-01-10T00:00:00,设备乙,-0.418710,18.122662,0.477143,上升
2026-01-10T01:00:00,设备乙,-0.287928,18.126393,0.817960,上升
2026-01-10T02:00:00,设备乙,-0.138708,18.338823,1.162888,上升
2026-01-10T03:00:00,设备乙,0.023028,18.377419,1.535755,上升
2026-01-10T04:00:00,设备乙,0.190331,18.209837,1.795846,上升
2026-01-10T05:00:00,设备乙,0.355750,18.239991,2.238654,上升
2026-01-10T06:00:00,设备乙,0.511894,18.642664,2.601519,上升
2026-01-10T07:00:00,设备乙,0.651987,18.748336,2.854501,上升
2026-01-10T08:00:00,设备乙,0.770379,18.816302,3.074848,上升
2026-01-10T09:00:00,设备乙,0.862960,18.905072,3.457804,上升
2026-01-10T10:00:00,设备乙,0.927463,19.006762,3.511920,上升
2026-01-10T11:00:00,设备乙,0.963603,18.985880,3.638821,上升
2026-01-10T12:00:00,设备乙,0.973072,19.210616,3.620369,下降
2026-01-10T13:00:00,设备乙,0.959366,18.881439,3.575791,下降
2026-01-10T14:00:00,设备乙,0.927473,19.407580,3.609143,上升
2026-01-10T15:00:00,设备乙,0.883443,19.656271,3.537052,下降
2026-01-10T16:00:00,设备乙,0.833873,19.497173,3.322463,下降
2026-01-10T17:00:00,设备乙,0.785348,19.967443,3.306121,下降
2026-01-10T18:00:00,设备乙,0.743894,19.967396,3.236785,下降
2026-01-10T19:00:00,设备乙,0.714471,20.061258,3.209174,下降
2026-01-10T20:00:00,设备乙,0.700564,20.388514,3.031616,下降
2026-01-10T21:00:00,设备乙,0.703887,20.267013,3.215650,上升
2026-01-10T22:00:00,设备乙,0.724246,20.342218,3.216702,上升
2026-01-10T23:00:00,设备乙,0.759550,20.499209,3.360210,上升
